0.055_1.045_0.095_1.0,CaMg,0.055
0.055_1.045_0.095_1.0,SiMg,1.045
0.055_1.045_0.095_1.0,AlMg,0.095
0.055_1.045_0.095_1.0,FeMg,1
0.055_1.045_0.095_1.0,Mass_Me,1
0.055_1.045_0.095_1.0,Mass_kg,5.97E+24
0.055_1.045_0.095_1.0,Radius_Re,0.998764346
0.055_1.045_0.095_1.0,Radius_m,6363127.649
0.055_1.045_0.095_1.0,Mantle_depth,2989505.373
0.055_1.045_0.095_1.0,Mantle_mass,4.00E+24
0.055_1.045_0.095_1.0,CMF,0.330335
0.055_1.045_0.095_1.0,CRF,0.530183027
0.055_1.045_0.095_1.0,CMBP,142.2328829
0.055_1.045_0.095_1.0,Mantle_vol,9.18E+20
0.055_1.045_0.095_1.0,Mantle_rho,4353.292261
0.055_1.045_0.095_1.0,C2/c,0.026053562
0.055_1.045_0.095_1.0,Wus,0.001773093
0.055_1.045_0.095_1.0,Pv,0.414366239
0.055_1.045_0.095_1.0,an,0
0.055_1.045_0.095_1.0,O,0.001560018
0.055_1.045_0.095_1.0,Wad,0.000514049
0.055_1.045_0.095_1.0,Ring,0.00022987
0.055_1.045_0.095_1.0,Opx,0.069803133
0.055_1.045_0.095_1.0,Cpx,0.00550784
0.055_1.045_0.095_1.0,Aki,0
0.055_1.045_0.095_1.0,Gt_maj,0.06831588
0.055_1.045_0.095_1.0,Ppv,0.053254777
0.055_1.045_0.095_1.0,CF,0
0.055_1.045_0.095_1.0,st,0
0.055_1.045_0.095_1.0,q,0
0.055_1.045_0.095_1.0,ca-pv,0.028286539
0.055_1.045_0.095_1.0,cfs,0
0.055_1.045_0.095_1.0,coe,0
0.055_1.045_0.095_1.0,ky,0
0.055_1.045_0.095_1.0,seif,0
0.055_1.045_0.1_1.0,CaMg,0.055
0.055_1.045_0.1_1.0,SiMg,1.045
0.055_1.045_0.1_1.0,AlMg,0.1
0.055_1.045_0.1_1.0,FeMg,1
0.055_1.045_0.1_1.0,Mass_Me,1
0.055_1.045_0.1_1.0,Mass_kg,5.97E+24
0.055_1.045_0.1_1.0,Radius_Re,0.998752421
0.055_1.045_0.1_1.0,Radius_m,6363051.676
0.055_1.045_0.1_1.0,Mantle_depth,2989429.427
0.055_1.045_0.1_1.0,Mantle_mass,4.00E+24
0.055_1.045_0.1_1.0,CMF,0.330335
0.055_1.045_0.1_1.0,CRF,0.530189353
0.055_1.045_0.1_1.0,CMBP,142.2325134
0.055_1.045_0.1_1.0,Mantle_vol,9.18E+20
0.055_1.045_0.1_1.0,Mantle_rho,4353.475484
0.055_1.045_0.1_1.0,C2/c,0.025542329
0.055_1.045_0.1_1.0,Wus,0.001768943
0.055_1.045_0.1_1.0,Pv,0.413924342
0.055_1.045_0.1_1.0,an,0
0.055_1.045_0.1_1.0,O,0.001556518
0.055_1.045_0.1_1.0,Wad,0.00051295
0.055_1.045_0.1_1.0,Ring,0.000230028
0.055_1.045_0.1_1.0,Opx,0.069704044
0.055_1.045_0.1_1.0,Cpx,0.005289442
0.055_1.045_0.1_1.0,Aki,0
0.055_1.045_0.1_1.0,Gt_maj,0.069713443
0.055_1.045_0.1_1.0,Ppv,0.053261186
0.055_1.045_0.1_1.0,CF,0
0.055_1.045_0.1_1.0,st,0
0.055_1.045_0.1_1.0,q,0
0.055_1.045_0.1_1.0,ca-pv,0.028161776
0.055_1.045_0.1_1.0,cfs,0
0.055_1.045_0.1_1.0,coe,0
0.055_1.045_0.1_1.0,ky,0
0.055_1.045_0.1_1.0,seif,0
0.055_1.045_0.105_1.0,CaMg,0.055
0.055_1.045_0.105_1.0,SiMg,1.045
0.055_1.045_0.105_1.0,AlMg,0.105
0.055_1.045_0.105_1.0,FeMg,1
0.055_1.045_0.105_1.0,Mass_Me,1
0.055_1.045_0.105_1.0,Mass_kg,5.97E+24
0.055_1.045_0.105_1.0,Radius_Re,0.998733567
0.055_1.045_0.105_1.0,Radius_m,6362931.558
0.055_1.045_0.105_1.0,Mantle_depth,2989309.416
0.055_1.045_0.105_1.0,Mantle_mass,4.00E+24
0.055_1.045_0.105_1.0,CMF,0.330335
0.055_1.045_0.105_1.0,CRF,0.530199345
0.055_1.045_0.105_1.0,CMBP,142.2322782
0.055_1.045_0.105_1.0,Mantle_vol,9.18E+20
0.055_1.045_0.105_1.0,Mantle_rho,4353.765153
0.055_1.045_0.105_1.0,C2/c,0.025031333
0.055_1.045_0.105_1.0,Wus,0.001764714
0.055_1.045_0.105_1.0,Pv,0.413449639
0.055_1.045_0.105_1.0,an,0
0.055_1.045_0.105_1.0,O,0.00155299
0.055_1.045_0.105_1.0,Wad,0.000511842
0.055_1.045_0.105_1.0,Ring,0.000230305
0.055_1.045_0.105_1.0,Opx,0.069473437
0.055_1.045_0.105_1.0,Cpx,0.005043609
0.055_1.045_0.105_1.0,Aki,0
0.055_1.045_0.105_1.0,Gt_maj,0.071303953
0.055_1.045_0.105_1.0,Ppv,0.053267982
0.055_1.045_0.105_1.0,CF,0
0.055_1.045_0.105_1.0,st,0
0.055_1.045_0.105_1.0,q,0
0.055_1.045_0.105_1.0,ca-pv,0.028035194
0.055_1.045_0.105_1.0,cfs,0
0.055_1.045_0.105_1.0,coe,0
0.055_1.045_0.105_1.0,ky,0
0.055_1.045_0.105_1.0,seif,0
0.055_1.045_0.11_1.0,CaMg,0.055
0.055_1.045_0.11_1.0,SiMg,1.045
0.055_1.045_0.11_1.0,AlMg,0.11
0.055_1.045_0.11_1.0,FeMg,1
0.055_1.045_0.11_1.0,Mass_Me,1
0.055_1.045_0.11_1.0,Mass_kg,5.97E+24
0.055_1.045_0.11_1.0,Radius_Re,0.998710292
0.055_1.045_0.11_1.0,Radius_m,6362783.27
0.055_1.045_0.11_1.0,Mantle_depth,2989161.702
0.055_1.045_0.11_1.0,Mantle_mass,4.00E+24
0.055_1.045_0.11_1.0,CMF,0.330335
0.055_1.045_0.11_1.0,CRF,0.530211611
0.055_1.045_0.11_1.0,CMBP,142.2324327
0.055_1.045_0.11_1.0,Mantle_vol,9.18E+20
0.055_1.045_0.11_1.0,Mantle_rho,4354.122493
0.055_1.045_0.11_1.0,C2/c,0.024537686
0.055_1.045_0.11_1.0,Wus,0.001760515
0.055_1.045_0.11_1.0,Pv,0.413027693
0.055_1.045_0.11_1.0,an,0
0.055_1.045_0.11_1.0,O,0.001549541
0.055_1.045_0.11_1.0,Wad,0.00051075
0.055_1.045_0.11_1.0,Ring,0.000230654
0.055_1.045_0.11_1.0,Opx,0.069136616
0.055_1.045_0.11_1.0,Cpx,0.004733455
0.055_1.045_0.11_1.0,Aki,0
0.055_1.045_0.11_1.0,Gt_maj,0.072989821
0.055_1.045_0.11_1.0,Ppv,0.053275692
0.055_1.045_0.11_1.0,CF,0
0.055_1.045_0.11_1.0,st,0
0.055_1.045_0.11_1.0,q,0
0.055_1.045_0.11_1.0,ca-pv,0.027912577
0.055_1.045_0.11_1.0,cfs,0
0.055_1.045_0.11_1.0,coe,0
0.055_1.045_0.11_1.0,ky,0
0.055_1.045_0.11_1.0,seif,0
0.055_1.045_0.115_1.0,CaMg,0.055
0.055_1.045_0.115_1.0,SiMg,1.045
0.055_1.045_0.115_1.0,AlMg,0.115
0.055_1.045_0.115_1.0,FeMg,1
0.055_1.045_0.115_1.0,Mass_Me,1
0.055_1.045_0.115_1.0,Mass_kg,5.97E+24
0.055_1.045_0.115_1.0,Radius_Re,0.998660806
0.055_1.045_0.115_1.0,Radius_m,6362467.996
0.055_1.045_0.115_1.0,Mantle_depth,2988849.286
0.055_1.045_0.115_1.0,Mantle_mass,4.00E+24
0.055_1.045_0.115_1.0,CMF,0.330335
0.055_1.045_0.115_1.0,CRF,0.530237435
0.055_1.045_0.115_1.0,CMBP,142.2345147
0.055_1.045_0.115_1.0,Mantle_vol,9.18E+20
0.055_1.045_0.115_1.0,Mantle_rho,4354.881258
0.055_1.045_0.115_1.0,C2/c,0.023976612
0.055_1.045_0.115_1.0,Wus,0.001756415
0.055_1.045_0.115_1.0,Pv,0.41256913
0.055_1.045_0.115_1.0,an,0
0.055_1.045_0.115_1.0,Sp,0
0.055_1.045_0.115_1.0,O,0.001546731
0.055_1.045_0.115_1.0,Wad,0.000509694
0.055_1.045_0.115_1.0,Ring,0.000231173
0.055_1.045_0.115_1.0,Opx,0.068598712
0.055_1.045_0.115_1.0,Cpx,0.004382544
0.055_1.045_0.115_1.0,Aki,0
0.055_1.045_0.115_1.0,Gt_maj,0.075019091
0.055_1.045_0.115_1.0,Ppv,0.05328826
0.055_1.045_0.115_1.0,CF,0
0.055_1.045_0.115_1.0,st,0
0.055_1.045_0.115_1.0,q,0
0.055_1.045_0.115_1.0,ca-pv,0.027786639
0.055_1.045_0.115_1.0,cfs,0
0.055_1.045_0.115_1.0,coe,0
0.055_1.045_0.115_1.0,ky,0
0.055_1.045_0.115_1.0,seif,0
0.059_1.045_0.095_1.0,CaMg,0.059
0.059_1.045_0.095_1.0,SiMg,1.045
0.059_1.045_0.095_1.0,AlMg,0.095
0.059_1.045_0.095_1.0,FeMg,1
0.059_1.045_0.095_1.0,Mass_Me,1
0.059_1.045_0.095_1.0,Mass_kg,5.97E+24
0.059_1.045_0.095_1.0,Radius_Re,0.998754985
0.059_1.045_0.095_1.0,Radius_m,6363068.008
0.059_1.045_0.095_1.0,Mantle_depth,2989455.489
0.059_1.045_0.095_1.0,Mantle_mass,4.00E+24
0.059_1.045_0.095_1.0,CMF,0.330335
0.059_1.045_0.095_1.0,CRF,0.530186463
0.059_1.045_0.095_1.0,CMBP,142.2405094
0.059_1.045_0.095_1.0,Mantle_vol,9.18E+20
0.059_1.045_0.095_1.0,Mantle_rho,4353.429495
0.059_1.045_0.095_1.0,C2/c,0.025355966
0.059_1.045_0.095_1.0,Wus,0.002476946
0.059_1.045_0.095_1.0,Pv,0.411938995
0.059_1.045_0.095_1.0,an,0
0.059_1.045_0.095_1.0,O,0.002178812
0.059_1.045_0.095_1.0,Wad,0.000717973
0.059_1.045_0.095_1.0,Ring,0.000320078
0.059_1.045_0.095_1.0,Opx,0.068705354
0.059_1.045_0.095_1.0,Cpx,0.00692822
0.059_1.045_0.095_1.0,Aki,0
0.059_1.045_0.095_1.0,Gt_maj,0.067714228
0.059_1.045_0.095_1.0,Ppv,0.05296144
0.059_1.045_0.095_1.0,CF,0
0.059_1.045_0.095_1.0,st,0
0.059_1.045_0.095_1.0,q,0
0.059_1.045_0.095_1.0,ca-pv,0.030366988
0.059_1.045_0.095_1.0,cfs,0
0.059_1.045_0.095_1.0,coe,0
0.059_1.045_0.095_1.0,ky,0
0.059_1.045_0.095_1.0,seif,0
0.059_1.045_0.1_1.0,CaMg,0.059
0.059_1.045_0.1_1.0,SiMg,1.045
0.059_1.045_0.1_1.0,AlMg,0.1
0.059_1.045_0.1_1.0,FeMg,1
0.059_1.045_0.1_1.0,Mass_Me,1
0.059_1.045_0.1_1.0,Mass_kg,5.97E+24
0.059_1.045_0.1_1.0,Radius_Re,0.998733481
0.059_1.045_0.1_1.0,Radius_m,6362931.009
0.059_1.045_0.1_1.0,Mantle_depth,2989318.816
0.059_1.045_0.1_1.0,Mantle_mass,4.00E+24
0.059_1.045_0.1_1.0,CMF,0.330335
0.059_1.045_0.1_1.0,CRF,0.530197827
0.059_1.045_0.1_1.0,CMBP,142.2404944
0.059_1.045_0.1_1.0,Mantle_vol,9.18E+20
0.059_1.045_0.1_1.0,Mantle_rho,4353.759731
0.059_1.045_0.1_1.0,C2/c,0.024766909
0.059_1.045_0.1_1.0,Wus,0.00247127
0.059_1.045_0.1_1.0,Pv,0.411489104
0.059_1.045_0.1_1.0,an,0
0.059_1.045_0.1_1.0,O,0.002174055
0.059_1.045_0.1_1.0,Wad,0.000716512
0.059_1.045_0.1_1.0,Ring,0.000320757
0.059_1.045_0.1_1.0,Opx,0.068408954
0.059_1.045_0.1_1.0,Cpx,0.006638876
0.059_1.045_0.1_1.0,Aki,0
0.059_1.045_0.1_1.0,Gt_maj,0.069470722
0.059_1.045_0.1_1.0,Ppv,0.052969468
0.059_1.045_0.1_1.0,CF,0
0.059_1.045_0.1_1.0,st,0
0.059_1.045_0.1_1.0,q,0
0.059_1.045_0.1_1.0,ca-pv,0.030238372
0.059_1.045_0.1_1.0,cfs,0
0.059_1.045_0.1_1.0,coe,0
0.059_1.045_0.1_1.0,ky,0
0.059_1.045_0.1_1.0,seif,0
0.059_1.045_0.105_1.0,CaMg,0.059
0.059_1.045_0.105_1.0,SiMg,1.045
0.059_1.045_0.105_1.0,AlMg,0.105
0.059_1.045_0.105_1.0,FeMg,1
0.059_1.045_0.105_1.0,Mass_Me,1
0.059_1.045_0.105_1.0,Mass_kg,5.97E+24
0.059_1.045_0.105_1.0,Radius_Re,0.998722103
0.059_1.045_0.105_1.0,Radius_m,6362858.519
0.059_1.045_0.105_1.0,Mantle_depth,2989245.375
0.059_1.045_0.105_1.0,Mantle_mass,4.00E+24
0.059_1.045_0.105_1.0,CMF,0.330335
0.059_1.045_0.105_1.0,CRF,0.530204017
0.059_1.045_0.105_1.0,CMBP,142.2392354
0.059_1.045_0.105_1.0,Mantle_vol,9.18E+20
0.059_1.045_0.105_1.0,Mantle_rho,4353.935245
0.059_1.045_0.105_1.0,C2/c,0.024437859
0.059_1.045_0.105_1.0,Wus,0.002465381
0.059_1.045_0.105_1.0,Pv,0.411017469
0.059_1.045_0.105_1.0,an,0
0.059_1.045_0.105_1.0,O,0.002169311
0.059_1.045_0.105_1.0,Wad,0.00071497
0.059_1.045_0.105_1.0,Ring,0.000321082
0.059_1.045_0.105_1.0,Opx,0.06814633
0.059_1.045_0.105_1.0,Cpx,0.006390099
0.059_1.045_0.105_1.0,Aki,0
0.059_1.045_0.105_1.0,Gt_maj,0.070921485
0.059_1.045_0.105_1.0,Ppv,0.05297441
0.059_1.045_0.105_1.0,CF,0
0.059_1.045_0.105_1.0,st,0
0.059_1.045_0.105_1.0,q,0
0.059_1.045_0.105_1.0,ca-pv,0.030106604
0.059_1.045_0.105_1.0,cfs,0
0.059_1.045_0.105_1.0,coe,0
0.059_1.045_0.105_1.0,ky,0
0.059_1.045_0.105_1.0,seif,0
0.059_1.045_0.11_1.0,CaMg,0.059
0.059_1.045_0.11_1.0,SiMg,1.045
0.059_1.045_0.11_1.0,AlMg,0.11
0.059_1.045_0.11_1.0,FeMg,1
0.059_1.045_0.11_1.0,Mass_Me,1
0.059_1.045_0.11_1.0,Mass_kg,5.97E+24
0.059_1.045_0.11_1.0,Radius_Re,0.998681123
0.059_1.045_0.11_1.0,Radius_m,6362597.434
0.059_1.045_0.11_1.0,Mantle_depth,2988985.941
0.059_1.045_0.11_1.0,Mantle_mass,4.00E+24
0.059_1.045_0.11_1.0,CMF,0.330335
0.059_1.045_0.11_1.0,CRF,0.530225514
0.059_1.045_0.11_1.0,CMBP,142.2401622
0.059_1.045_0.11_1.0,Mantle_vol,9.18E+20
0.059_1.045_0.11_1.0,Mantle_rho,4354.564027
0.059_1.045_0.11_1.0,C2/c,0.023936734
0.059_1.045_0.11_1.0,Wus,0.002459329
0.059_1.045_0.11_1.0,Pv,0.410578793
0.059_1.045_0.11_1.0,an,0
0.059_1.045_0.11_1.0,O,0.002166222
0.059_1.045_0.11_1.0,Wad,0.00071341
0.059_1.045_0.11_1.0,Ring,0.000321918
0.059_1.045_0.11_1.0,Opx,0.067564537
0.059_1.045_0.11_1.0,Cpx,0.006031071
0.059_1.045_0.11_1.0,Aki,0
0.059_1.045_0.11_1.0,Gt_maj,0.072927691
0.059_1.045_0.11_1.0,Ppv,0.052984989
0.059_1.045_0.11_1.0,CF,0
0.059_1.045_0.11_1.0,st,0
0.059_1.045_0.11_1.0,q,0
0.059_1.045_0.11_1.0,ca-pv,0.029980305
0.059_1.045_0.11_1.0,cfs,0
0.059_1.045_0.11_1.0,coe,0
0.059_1.045_0.11_1.0,ky,0
0.059_1.045_0.11_1.0,seif,0
0.059_1.045_0.115_1.0,CaMg,0.059
0.059_1.045_0.115_1.0,SiMg,1.045
0.059_1.045_0.115_1.0,AlMg,0.115
0.059_1.045_0.115_1.0,FeMg,1
0.059_1.045_0.115_1.0,Mass_Me,1
0.059_1.045_0.115_1.0,Mass_kg,5.97E+24
0.059_1.045_0.115_1.0,Radius_Re,0.998650858
0.059_1.045_0.115_1.0,Radius_m,6362404.618
0.059_1.045_0.115_1.0,Mantle_depth,2988795.06
0.059_1.045_0.115_1.0,Mantle_mass,4.00E+24
0.059_1.045_0.115_1.0,CMF,0.330335
0.059_1.045_0.115_1.0,CRF,0.530241278
0.059_1.045_0.115_1.0,CMBP,142.2415036
0.059_1.045_0.115_1.0,Mantle_vol,9.18E+20
0.059_1.045_0.115_1.0,Mantle_rho,4355.027992
0.059_1.045_0.115_1.0,C2/c,0.02343684
0.059_1.045_0.115_1.0,Wus,0.002453107
0.059_1.045_0.115_1.0,Pv,0.410145002
0.059_1.045_0.115_1.0,an,0
0.059_1.045_0.115_1.0,O,0.002168096
0.059_1.045_0.115_1.0,Wad,0.00071179
0.059_1.045_0.115_1.0,Ring,0.000322416
0.059_1.045_0.115_1.0,Opx,0.0672217
0.059_1.045_0.115_1.0,Cpx,0.005737144
0.059_1.045_0.115_1.0,Aki,0
0.059_1.045_0.115_1.0,Gt_maj,0.074624644
0.059_1.045_0.115_1.0,Ppv,0.052996162
0.059_1.045_0.115_1.0,CF,0
0.059_1.045_0.115_1.0,st,0
0.059_1.045_0.115_1.0,q,0
0.059_1.045_0.115_1.0,ca-pv,0.029848099
0.059_1.045_0.115_1.0,cfs,0
0.059_1.045_0.115_1.0,coe,0
0.059_1.045_0.115_1.0,ky,0
0.059_1.045_0.115_1.0,seif,0
0.059_1.07_0.095_1.0,CaMg,0.059
0.059_1.07_0.095_1.0,SiMg,1.07
0.059_1.07_0.095_1.0,AlMg,0.095
0.059_1.07_0.095_1.0,FeMg,1
0.059_1.07_0.095_1.0,Mass_Me,1
0.059_1.07_0.095_1.0,Mass_kg,5.97E+24
0.059_1.07_0.095_1.0,Radius_Re,0.998634932
0.059_1.07_0.095_1.0,Radius_m,6362303.15
0.059_1.07_0.095_1.0,Mantle_depth,2988766.445
0.059_1.07_0.095_1.0,Mantle_mass,4.00E+24
0.059_1.07_0.095_1.0,CMF,0.330335
0.059_1.07_0.095_1.0,CRF,0.530238284
0.059_1.07_0.095_1.0,CMBP,142.2992923
0.059_1.07_0.095_1.0,Mantle_vol,9.18E+20
0.059_1.07_0.095_1.0,Mantle_rho,4355.223436
0.059_1.07_0.095_1.0,C2/c,0.025337317
0.059_1.07_0.095_1.0,Pv,0.41072797
0.059_1.07_0.095_1.0,an,0
0.059_1.07_0.095_1.0,O,0
0.059_1.07_0.095_1.0,Wad,0
0.059_1.07_0.095_1.0,Ring,0
0.059_1.07_0.095_1.0,Opx,0.069767638
0.059_1.07_0.095_1.0,Cpx,0.006310466
0.059_1.07_0.095_1.0,Aki,0
0.059_1.07_0.095_1.0,Gt_maj,0.070690815
0.059_1.07_0.095_1.0,Ppv,0.053105069
0.059_1.07_0.095_1.0,CF,0
0.059_1.07_0.095_1.0,st,0.003208065
0.059_1.07_0.095_1.0,q,0.000199515
0.059_1.07_0.095_1.0,ca-pv,0.029805189
0.059_1.07_0.095_1.0,cfs,0
0.059_1.07_0.095_1.0,coe,0.000267009
0.059_1.07_0.095_1.0,ky,0
0.059_1.07_0.095_1.0,seif,0.000245946
0.059_1.07_0.1_1.0,CaMg,0.059
0.059_1.07_0.1_1.0,SiMg,1.07
0.059_1.07_0.1_1.0,AlMg,0.1
0.059_1.07_0.1_1.0,FeMg,1
0.059_1.07_0.1_1.0,Mass_Me,1
0.059_1.07_0.1_1.0,Mass_kg,5.97E+24
0.059_1.07_0.1_1.0,Radius_Re,0.998644471
0.059_1.07_0.1_1.0,Radius_m,6362363.925
0.059_1.07_0.1_1.0,Mantle_depth,2988824.474
0.059_1.07_0.1_1.0,Mantle_mass,4.00E+24
0.059_1.07_0.1_1.0,CMF,0.330335
0.059_1.07_0.1_1.0,CRF,0.530233651
0.059_1.07_0.1_1.0,CMBP,142.2962755
0.059_1.07_0.1_1.0,Mantle_vol,9.18E+20
0.059_1.07_0.1_1.0,Mantle_rho,4355.078628
0.059_1.07_0.1_1.0,C2/c,0.025038242
0.059_1.07_0.1_1.0,Pv,0.410091932
0.059_1.07_0.1_1.0,an,0
0.059_1.07_0.1_1.0,O,0
0.059_1.07_0.1_1.0,Wad,0
0.059_1.07_0.1_1.0,Ring,0
0.059_1.07_0.1_1.0,Opx,0.069712886
0.059_1.07_0.1_1.0,Cpx,0.006165244
0.059_1.07_0.1_1.0,Aki,0
0.059_1.07_0.1_1.0,Gt_maj,0.071987365
0.059_1.07_0.1_1.0,Ppv,0.053105858
0.059_1.07_0.1_1.0,CF,0
0.059_1.07_0.1_1.0,st,0.003200598
0.059_1.07_0.1_1.0,q,0.000196542
0.059_1.07_0.1_1.0,ca-pv,0.029654578
0.059_1.07_0.1_1.0,cfs,0
0.059_1.07_0.1_1.0,coe,0.000266414
0.059_1.07_0.1_1.0,ky,0
0.059_1.07_0.1_1.0,seif,0.000245341
0.059_1.07_0.105_1.0,CaMg,0.059
0.059_1.07_0.105_1.0,SiMg,1.07
0.059_1.07_0.105_1.0,AlMg,0.105
0.059_1.07_0.105_1.0,FeMg,1
0.059_1.07_0.105_1.0,Mass_Me,1
0.059_1.07_0.105_1.0,Mass_kg,5.97E+24
0.059_1.07_0.105_1.0,Radius_Re,0.998655667
0.059_1.07_0.105_1.0,Radius_m,6362435.256
0.059_1.07_0.105_1.0,Mantle_depth,2988892.262
0.059_1.07_0.105_1.0,Mantle_mass,4.00E+24
0.059_1.07_0.105_1.0,CMF,0.330335
0.059_1.07_0.105_1.0,CRF,0.530228263
0.059_1.07_0.105_1.0,CMBP,142.2928288
0.059_1.07_0.105_1.0,Mantle_vol,9.18E+20
0.059_1.07_0.105_1.0,Mantle_rho,4354.908895
0.059_1.07_0.105_1.0,C2/c,0.025009155
0.059_1.07_0.105_1.0,Pv,0.409541686
0.059_1.07_0.105_1.0,an,0
0.059_1.07_0.105_1.0,O,0
0.059_1.07_0.105_1.0,Wad,0
0.059_1.07_0.105_1.0,Ring,0
0.059_1.07_0.105_1.0,Opx,0.069434611
0.059_1.07_0.105_1.0,Cpx,0.006046152
0.059_1.07_0.105_1.0,Aki,0
0.059_1.07_0.105_1.0,Gt_maj,0.073118212
0.059_1.07_0.105_1.0,Ppv,0.053105518
0.059_1.07_0.105_1.0,CF,0
0.059_1.07_0.105_1.0,st,0.00319332
0.059_1.07_0.105_1.0,q,0.000189142
0.059_1.07_0.105_1.0,ca-pv,0.029516618
0.059_1.07_0.105_1.0,cfs,0
0.059_1.07_0.105_1.0,coe,0.000265839
0.059_1.07_0.105_1.0,ky,0
0.059_1.07_0.105_1.0,seif,0.000244746
0.059_1.07_0.11_1.0,CaMg,0.059
0.059_1.07_0.11_1.0,SiMg,1.07
0.059_1.07_0.11_1.0,AlMg,0.11
0.059_1.07_0.11_1.0,FeMg,1
0.059_1.07_0.11_1.0,Mass_Me,1
0.059_1.07_0.11_1.0,Mass_kg,5.97E+24
0.059_1.07_0.11_1.0,Radius_Re,0.998605332
0.059_1.07_0.11_1.0,Radius_m,6362114.572
0.059_1.07_0.11_1.0,Mantle_depth,2988578.367
0.059_1.07_0.11_1.0,Mantle_mass,4.00E+24
0.059_1.07_0.11_1.0,CMF,0.330335
0.059_1.07_0.11_1.0,CRF,0.530253922
0.059_1.07_0.11_1.0,CMBP,142.2976009
0.059_1.07_0.11_1.0,Mantle_vol,9.18E+20
0.059_1.07_0.11_1.0,Mantle_rho,4355.678243
0.059_1.07_0.11_1.0,C2/c,0.024676029
0.059_1.07_0.11_1.0,Pv,0.409576212
0.059_1.07_0.11_1.0,an,0
0.059_1.07_0.11_1.0,O,0
0.059_1.07_0.11_1.0,Wad,0
0.059_1.07_0.11_1.0,Ring,0
0.059_1.07_0.11_1.0,Opx,0.069079904
0.059_1.07_0.11_1.0,Cpx,0.005823366
0.059_1.07_0.11_1.0,Aki,0
0.059_1.07_0.11_1.0,Gt_maj,0.074068112
0.059_1.07_0.11_1.0,Ppv,0.053124707
0.059_1.07_0.11_1.0,CF,0
0.059_1.07_0.11_1.0,st,0.003186446
0.059_1.07_0.11_1.0,q,0.000180147
0.059_1.07_0.11_1.0,ca-pv,0.029440583
0.059_1.07_0.11_1.0,cfs,0
0.059_1.07_0.11_1.0,coe,0.000265228
0.059_1.07_0.11_1.0,ky,0
0.059_1.07_0.11_1.0,seif,0.000244266
0.063_1.045_0.095_1.0,CaMg,0.063
0.063_1.045_0.095_1.0,SiMg,1.045
0.063_1.045_0.095_1.0,AlMg,0.095
0.063_1.045_0.095_1.0,FeMg,1
0.063_1.045_0.095_1.0,Mass_Me,1
0.063_1.045_0.095_1.0,Mass_kg,5.97E+24
0.063_1.045_0.095_1.0,Radius_Re,0.998737758
0.063_1.045_0.095_1.0,Radius_m,6362958.257
0.063_1.045_0.095_1.0,Mantle_depth,2989354.581
0.063_1.045_0.095_1.0,Mantle_mass,4.00E+24
0.063_1.045_0.095_1.0,CMF,0.330335
0.063_1.045_0.095_1.0,CRF,0.530194218
0.063_1.045_0.095_1.0,CMBP,142.2471462
0.063_1.045_0.095_1.0,Mantle_vol,9.18E+20
0.063_1.045_0.095_1.0,Mantle_rho,4353.688227
0.063_1.045_0.095_1.0,C2/c,0.024744771
0.063_1.045_0.095_1.0,Wus,0.003178058
0.063_1.045_0.095_1.0,Pv,0.409390419
0.063_1.045_0.095_1.0,an,0
0.063_1.045_0.095_1.0,O,0.002795481
0.063_1.045_0.095_1.0,Wad,0.000921149
0.063_1.045_0.095_1.0,Ring,0.000410336
0.063_1.045_0.095_1.0,Opx,0.067082325
0.063_1.045_0.095_1.0,Cpx,0.008233249
0.063_1.045_0.095_1.0,Aki,0
0.063_1.045_0.095_1.0,Gt_maj,0.067827154
0.063_1.045_0.095_1.0,Ppv,0.05266672
0.063_1.045_0.095_1.0,CF,0
0.063_1.045_0.095_1.0,st,0
0.063_1.045_0.095_1.0,q,0
0.063_1.045_0.095_1.0,ca-pv,0.032415338
0.063_1.045_0.095_1.0,cfs,0
0.063_1.045_0.095_1.0,coe,0
0.063_1.045_0.095_1.0,ky,0
0.063_1.045_0.095_1.0,seif,0
0.063_1.045_0.1_1.0,CaMg,0.063
0.063_1.045_0.1_1.0,SiMg,1.045
0.063_1.045_0.1_1.0,AlMg,0.1
0.063_1.045_0.1_1.0,FeMg,1
0.063_1.045_0.1_1.0,Mass_Me,1
0.063_1.045_0.1_1.0,Mass_kg,5.97E+24
0.063_1.045_0.1_1.0,Radius_Re,0.998730337
0.063_1.045_0.1_1.0,Radius_m,6362910.976
0.063_1.045_0.1_1.0,Mantle_depth,2989306.543
0.063_1.045_0.1_1.0,Mantle_mass,4.00E+24
0.063_1.045_0.1_1.0,CMF,0.330335
0.063_1.045_0.1_1.0,CRF,0.530198276
0.063_1.045_0.1_1.0,CMBP,142.2462427
0.063_1.045_0.1_1.0,Mantle_vol,9.18E+20
0.063_1.045_0.1_1.0,Mantle_rho,4353.802793
0.063_1.045_0.1_1.0,C2/c,0.024235012
0.063_1.045_0.1_1.0,Wus,0.003170338
0.063_1.045_0.1_1.0,Pv,0.40895529
0.063_1.045_0.1_1.0,an,0
0.063_1.045_0.1_1.0,O,0.002789027
0.063_1.045_0.1_1.0,Wad,0.000919125
0.063_1.045_0.1_1.0,Ring,0.000410875
0.063_1.045_0.1_1.0,Opx,0.067022577
0.063_1.045_0.1_1.0,Cpx,0.007966383
0.063_1.045_0.1_1.0,Aki,0
0.063_1.045_0.1_1.0,Gt_maj,0.069242073
0.063_1.045_0.1_1.0,Ppv,0.052673224
0.063_1.045_0.1_1.0,CF,0
0.063_1.045_0.1_1.0,st,0
0.063_1.045_0.1_1.0,q,0
0.063_1.045_0.1_1.0,ca-pv,0.032281075
0.063_1.045_0.1_1.0,cfs,0
0.063_1.045_0.1_1.0,coe,0
0.063_1.045_0.1_1.0,ky,0
0.063_1.045_0.1_1.0,seif,0
0.063_1.045_0.105_1.0,CaMg,0.063
0.063_1.045_0.105_1.0,SiMg,1.045
0.063_1.045_0.105_1.0,AlMg,0.105
0.063_1.045_0.105_1.0,FeMg,1
0.063_1.045_0.105_1.0,Mass_Me,1
0.063_1.045_0.105_1.0,Mass_kg,5.97E+24
0.063_1.045_0.105_1.0,Radius_Re,0.998712074
0.063_1.045_0.105_1.0,Radius_m,6362794.626
0.063_1.045_0.105_1.0,Mantle_depth,2989190.597
0.063_1.045_0.105_1.0,Mantle_mass,4.00E+24
0.063_1.045_0.105_1.0,CMF,0.330335
0.063_1.045_0.105_1.0,CRF,0.530207908
0.063_1.045_0.105_1.0,CMBP,142.2462236
0.063_1.045_0.105_1.0,Mantle_vol,9.18E+20
0.063_1.045_0.105_1.0,Mantle_rho,4354.083201
0.063_1.045_0.105_1.0,C2/c,0.02368618
0.063_1.045_0.105_1.0,Wus,0.00316266
0.063_1.045_0.105_1.0,Pv,0.408493504
0.063_1.045_0.105_1.0,an,0
0.063_1.045_0.105_1.0,O,0.00278257
0.063_1.045_0.105_1.0,Wad,0.00091712
0.063_1.045_0.105_1.0,Ring,0.000411448
0.063_1.045_0.105_1.0,Opx,0.066785828
0.063_1.045_0.105_1.0,Cpx,0.007725186
0.063_1.045_0.105_1.0,Aki,0
0.063_1.045_0.105_1.0,Gt_maj,0.070873047
0.063_1.045_0.105_1.0,Ppv,0.052682066
0.063_1.045_0.105_1.0,CF,0
0.063_1.045_0.105_1.0,st,0
0.063_1.045_0.105_1.0,q,0
0.063_1.045_0.105_1.0,ca-pv,0.032145392
0.063_1.045_0.105_1.0,cfs,0
0.063_1.045_0.105_1.0,coe,0
0.063_1.045_0.105_1.0,ky,0
0.063_1.045_0.105_1.0,seif,0
0.063_1.045_0.11_1.0,CaMg,0.063
0.063_1.045_0.11_1.0,SiMg,1.045
0.063_1.045_0.11_1.0,AlMg,0.11
0.063_1.045_0.11_1.0,FeMg,1
0.063_1.045_0.11_1.0,Mass_Me,1
0.063_1.045_0.11_1.0,Mass_kg,5.97E+24
0.063_1.045_0.11_1.0,Radius_Re,0.998691877
0.063_1.045_0.11_1.0,Radius_m,6362665.949
0.063_1.045_0.11_1.0,Mantle_depth,2989062.086
0.063_1.045_0.11_1.0,Mantle_mass,4.00E+24
0.063_1.045_0.11_1.0,CMF,0.330335
0.063_1.045_0.11_1.0,CRF,0.530218605
0.063_1.045_0.11_1.0,CMBP,142.2458659
0.063_1.045_0.11_1.0,Mantle_vol,9.18E+20
0.063_1.045_0.11_1.0,Mantle_rho,4354.393538
0.063_1.045_0.11_1.0,C2/c,0.023342292
0.063_1.045_0.11_1.0,Wus,0.003155408
0.063_1.045_0.11_1.0,Pv,0.408111563
0.063_1.045_0.11_1.0,an,0
0.063_1.045_0.11_1.0,O,0.002780294
0.063_1.045_0.11_1.0,Wad,0.00091523
0.063_1.045_0.11_1.0,Ring,0.000412065
0.063_1.045_0.11_1.0,Opx,0.066394865
0.063_1.045_0.11_1.0,Cpx,0.00750682
0.063_1.045_0.11_1.0,Aki,0
0.063_1.045_0.11_1.0,Gt_maj,0.072338143
0.063_1.045_0.11_1.0,Ppv,0.052689851
0.063_1.045_0.11_1.0,CF,0
0.063_1.045_0.11_1.0,st,0
0.063_1.045_0.11_1.0,q,0
0.063_1.045_0.11_1.0,ca-pv,0.032018469
0.063_1.045_0.11_1.0,cfs,0
0.063_1.045_0.11_1.0,coe,0
0.063_1.045_0.11_1.0,ky,0
0.063_1.045_0.11_1.0,seif,0
0.063_1.045_0.115_1.0,CaMg,0.063
0.063_1.045_0.115_1.0,SiMg,1.045
0.063_1.045_0.115_1.0,AlMg,0.115
0.063_1.045_0.115_1.0,FeMg,1
0.063_1.045_0.115_1.0,Mass_Me,1
0.063_1.045_0.115_1.0,Mass_kg,5.97E+24
0.063_1.045_0.115_1.0,Radius_Re,0.998645464
0.063_1.045_0.115_1.0,Radius_m,6362370.251
0.063_1.045_0.115_1.0,Mantle_depth,2988769.346
0.063_1.045_0.115_1.0,Mantle_mass,4.00E+24
0.063_1.045_0.115_1.0,CMF,0.330335
0.063_1.045_0.115_1.0,CRF,0.530242783
0.063_1.045_0.115_1.0,CMBP,142.2479662
0.063_1.045_0.115_1.0,Mantle_vol,9.18E+20
0.063_1.045_0.115_1.0,Mantle_rho,4355.105058
0.063_1.045_0.115_1.0,C2/c,0.022846507
0.063_1.045_0.115_1.0,Wus,0.003147588
0.063_1.045_0.115_1.0,Pv,0.407660407
0.063_1.045_0.115_1.0,an,0
0.063_1.045_0.115_1.0,O,0.002785578
0.063_1.045_0.115_1.0,Wad,0.000913229
0.063_1.045_0.115_1.0,Ring,0.000413229
0.063_1.045_0.115_1.0,Opx,0.065830029
0.063_1.045_0.115_1.0,Cpx,0.007130187
0.063_1.045_0.115_1.0,Aki,0
0.063_1.045_0.115_1.0,Gt_maj,0.074350824
0.063_1.045_0.115_1.0,Ppv,0.052703702
0.063_1.045_0.115_1.0,CF,0
0.063_1.045_0.115_1.0,st,0
0.063_1.045_0.115_1.0,q,0
0.063_1.045_0.115_1.0,ca-pv,0.031883721
0.063_1.045_0.115_1.0,cfs,0
0.063_1.045_0.115_1.0,coe,0
0.063_1.045_0.115_1.0,ky,0
0.063_1.045_0.115_1.0,seif,0
0.063_1.07_0.095_1.0,CaMg,0.063
0.063_1.07_0.095_1.0,SiMg,1.07
0.063_1.07_0.095_1.0,AlMg,0.095
0.063_1.07_0.095_1.0,FeMg,1
0.063_1.07_0.095_1.0,Mass_Me,1
0.063_1.07_0.095_1.0,Mass_kg,5.97E+24
0.063_1.07_0.095_1.0,Radius_Re,0.998644755
0.063_1.07_0.095_1.0,Radius_m,6362365.737
0.063_1.07_0.095_1.0,Mantle_depth,2988836.359
0.063_1.07_0.095_1.0,Mantle_mass,4.00E+24
0.063_1.07_0.095_1.0,CMF,0.330335
0.063_1.07_0.095_1.0,CRF,0.530231917
0.063_1.07_0.095_1.0,CMBP,142.3043375
0.063_1.07_0.095_1.0,Mantle_vol,9.18E+20
0.063_1.07_0.095_1.0,Mantle_rho,4355.067422
0.063_1.07_0.095_1.0,C2/c,0.025540655
0.063_1.07_0.095_1.0,Pv,0.409917569
0.063_1.07_0.095_1.0,an,0
0.063_1.07_0.095_1.0,O,0
0.063_1.07_0.095_1.0,Wad,0
0.063_1.07_0.095_1.0,Ring,0
0.063_1.07_0.095_1.0,Opx,0.069064194
0.063_1.07_0.095_1.0,Cpx,0.0077369
0.063_1.07_0.095_1.0,Aki,0
0.063_1.07_0.095_1.0,Gt_maj,0.070078393
0.063_1.07_0.095_1.0,Ppv,0.053011384
0.063_1.07_0.095_1.0,CF,0
0.063_1.07_0.095_1.0,st,0.00203606
0.063_1.07_0.095_1.0,q,0.000123846
0.063_1.07_0.095_1.0,ca-pv,0.031830394
0.063_1.07_0.095_1.0,cfs,0
0.063_1.07_0.095_1.0,coe,0.000169475
0.063_1.07_0.095_1.0,ky,0
0.063_1.07_0.095_1.0,seif,0.000156131
0.063_1.07_0.1_1.0,CaMg,0.063
0.063_1.07_0.1_1.0,SiMg,1.07
0.063_1.07_0.1_1.0,AlMg,0.1
0.063_1.07_0.1_1.0,FeMg,1
0.063_1.07_0.1_1.0,Mass_Me,1
0.063_1.07_0.1_1.0,Mass_kg,5.97E+24
0.063_1.07_0.1_1.0,Radius_Re,0.998638093
0.063_1.07_0.1_1.0,Radius_m,6362323.291
0.063_1.07_0.1_1.0,Mantle_depth,2988792.699
0.063_1.07_0.1_1.0,Mantle_mass,4.00E+24
0.063_1.07_0.1_1.0,CMF,0.330335
0.063_1.07_0.1_1.0,CRF,0.530235645
0.063_1.07_0.1_1.0,CMBP,142.30179
0.063_1.07_0.1_1.0,Mantle_vol,9.18E+20
0.063_1.07_0.1_1.0,Mantle_rho,4355.170681
0.063_1.07_0.1_1.0,C2/c,0.024557759
0.063_1.07_0.1_1.0,Pv,0.408829503
0.063_1.07_0.1_1.0,an,0
0.063_1.07_0.1_1.0,O,0
0.063_1.07_0.1_1.0,Wad,0
0.063_1.07_0.1_1.0,Ring,0
0.063_1.07_0.1_1.0,Opx,0.06876377
0.063_1.07_0.1_1.0,Cpx,0.007290862
0.063_1.07_0.1_1.0,Aki,0
0.063_1.07_0.1_1.0,Gt_maj,0.073106851
0.063_1.07_0.1_1.0,Ppv,0.053013421
0.063_1.07_0.1_1.0,CF,0
0.063_1.07_0.1_1.0,st,0.002032222
0.063_1.07_0.1_1.0,q,0.000117956
0.063_1.07_0.1_1.0,ca-pv,0.031627674
0.063_1.07_0.1_1.0,cfs,0
0.063_1.07_0.1_1.0,coe,0.000169162
0.063_1.07_0.1_1.0,ky,0
0.063_1.07_0.1_1.0,seif,0.00015582
0.063_1.07_0.105_1.0,CaMg,0.063
0.063_1.07_0.105_1.0,SiMg,1.07
0.063_1.07_0.105_1.0,AlMg,0.105
0.063_1.07_0.105_1.0,FeMg,1
0.063_1.07_0.105_1.0,Mass_Me,1
0.063_1.07_0.105_1.0,Mass_kg,5.97E+24
0.063_1.07_0.105_1.0,Radius_Re,0.998600838
0.063_1.07_0.105_1.0,Radius_m,6362085.939
0.063_1.07_0.105_1.0,Mantle_depth,2988557.38
0.063_1.07_0.105_1.0,Mantle_mass,4.00E+24
0.063_1.07_0.105_1.0,CMF,0.330335
0.063_1.07_0.105_1.0,CRF,0.530255107
0.063_1.07_0.105_1.0,CMBP,142.3042509
0.063_1.07_0.105_1.0,Mantle_vol,9.18E+20
0.063_1.07_0.105_1.0,Mantle_rho,4355.742167
0.063_1.07_0.105_1.0,C2/c,0.024097632
0.063_1.07_0.105_1.0,Pv,0.408713052
0.063_1.07_0.105_1.0,an,0
0.063_1.07_0.105_1.0,O,0
0.063_1.07_0.105_1.0,Wad,0
0.063_1.07_0.105_1.0,Ring,0
0.063_1.07_0.105_1.0,Opx,0.068424977
0.063_1.07_0.105_1.0,Cpx,0.006998712
0.063_1.07_0.105_1.0,Aki,0
0.063_1.07_0.105_1.0,Gt_maj,0.074411833
0.063_1.07_0.105_1.0,Ppv,0.053027682
0.063_1.07_0.105_1.0,CF,0
0.063_1.07_0.105_1.0,st,0.002026885
0.063_1.07_0.105_1.0,q,0.000108575
0.063_1.07_0.105_1.0,ca-pv,0.031531523
0.063_1.07_0.105_1.0,cfs,0
0.063_1.07_0.105_1.0,coe,0.000168703
0.063_1.07_0.105_1.0,ky,0
0.063_1.07_0.105_1.0,seif,0.000155426
0.063_1.07_0.11_1.0,CaMg,0.063
0.063_1.07_0.11_1.0,SiMg,1.07
0.063_1.07_0.11_1.0,AlMg,0.11
0.063_1.07_0.11_1.0,FeMg,1
0.063_1.07_0.11_1.0,Mass_Me,1
0.063_1.07_0.11_1.0,Mass_kg,5.97E+24
0.063_1.07_0.11_1.0,Radius_Re,0.998602952
0.063_1.07_0.11_1.0,Radius_m,6362099.408
0.063_1.07_0.11_1.0,Mantle_depth,2988569.284
0.063_1.07_0.11_1.0,Mantle_mass,4.00E+24
0.063_1.07_0.11_1.0,CMF,0.330335
0.063_1.07_0.11_1.0,CRF,0.53025423
0.063_1.07_0.11_1.0,CMBP,142.3025895
0.063_1.07_0.11_1.0,Mantle_vol,9.18E+20
0.063_1.07_0.11_1.0,Mantle_rho,4355.710717
0.063_1.07_0.11_1.0,C2/c,0.023629771
0.063_1.07_0.11_1.0,Pv,0.408193831
0.063_1.07_0.11_1.0,an,0
0.063_1.07_0.11_1.0,O,0
0.063_1.07_0.11_1.0,Wad,0
0.063_1.07_0.11_1.0,Ring,0
0.063_1.07_0.11_1.0,Opx,0.068446618
0.063_1.07_0.11_1.0,Cpx,0.00681808
0.063_1.07_0.11_1.0,Aki,0
0.063_1.07_0.11_1.0,Gt_maj,0.075703991
0.063_1.07_0.11_1.0,Ppv,0.053031749
0.063_1.07_0.11_1.0,CF,0
0.063_1.07_0.11_1.0,st,0.002022749
0.063_1.07_0.11_1.0,q,0.00010116
0.063_1.07_0.11_1.0,ca-pv,0.031393584
0.063_1.07_0.11_1.0,cfs,0
0.063_1.07_0.11_1.0,coe,0.000168371
0.063_1.07_0.11_1.0,ky,0
0.063_1.07_0.11_1.0,seif,0.000155096
0.063_1.07_0.115_1.0,CaMg,0.063
0.063_1.07_0.115_1.0,SiMg,1.07
0.063_1.07_0.115_1.0,AlMg,0.115
0.063_1.07_0.115_1.0,FeMg,1
0.063_1.07_0.115_1.0,Mass_Me,1
0.063_1.07_0.115_1.0,Mass_kg,5.97E+24
0.063_1.07_0.115_1.0,Radius_Re,0.998616632
0.063_1.07_0.115_1.0,Radius_m,6362186.565
0.063_1.07_0.115_1.0,Mantle_depth,2988652.288
0.063_1.07_0.115_1.0,Mantle_mass,4.00E+24
0.063_1.07_0.115_1.0,CMF,0.330335
0.063_1.07_0.115_1.0,CRF,0.530247619
0.063_1.07_0.115_1.0,CMBP,142.2988108
0.063_1.07_0.115_1.0,Mantle_vol,9.18E+20
0.063_1.07_0.115_1.0,Mantle_rho,4355.503166
0.063_1.07_0.115_1.0,C2/c,0.023749203
0.063_1.07_0.115_1.0,Pv,0.407626702
0.063_1.07_0.115_1.0,an,0
0.063_1.07_0.115_1.0,O,0
0.063_1.07_0.115_1.0,Wad,0
0.063_1.07_0.115_1.0,Ring,0
0.063_1.07_0.115_1.0,Opx,0.068091525
0.063_1.07_0.115_1.0,Cpx,0.006725358
0.063_1.07_0.115_1.0,Aki,0
0.063_1.07_0.115_1.0,Gt_maj,0.076758345
0.063_1.07_0.115_1.0,Ppv,0.053030906
0.063_1.07_0.115_1.0,CF,0
0.063_1.07_0.115_1.0,st,0.002018672
0.063_1.07_0.115_1.0,q,9.41E-05
0.063_1.07_0.115_1.0,ca-pv,0.031247353
0.063_1.07_0.115_1.0,cfs,0
0.063_1.07_0.115_1.0,coe,0.000168051
0.063_1.07_0.115_1.0,ky,0
0.063_1.07_0.115_1.0,seif,0.000154757
0.067_1.045_0.095_1.0,CaMg,0.067
0.067_1.045_0.095_1.0,SiMg,1.045
0.067_1.045_0.095_1.0,AlMg,0.095
0.067_1.045_0.095_1.0,FeMg,1
0.067_1.045_0.095_1.0,Mass_Me,1
0.067_1.045_0.095_1.0,Mass_kg,5.97E+24
0.067_1.045_0.095_1.0,Radius_Re,0.998750432
0.067_1.045_0.095_1.0,Radius_m,6363039.004
0.067_1.045_0.095_1.0,Mantle_depth,2989441.655
0.067_1.045_0.095_1.0,Mantle_mass,4.00E+24
0.067_1.045_0.095_1.0,CMF,0.330335
0.067_1.045_0.095_1.0,CRF,0.530186495
0.067_1.045_0.095_1.0,CMBP,142.2518794
0.067_1.045_0.095_1.0,Mantle_vol,9.18E+20
0.067_1.045_0.095_1.0,Mantle_rho,4353.489168
0.067_1.045_0.095_1.0,C2/c,0.024143464
0.067_1.045_0.095_1.0,Wus,0.003876652
0.067_1.045_0.095_1.0,Pv,0.406831934
0.067_1.045_0.095_1.0,an,0
0.067_1.045_0.095_1.0,O,0.003410025
0.067_1.045_0.095_1.0,Wad,0.001123488
0.067_1.045_0.095_1.0,Ring,0.000498914
0.067_1.045_0.095_1.0,Opx,0.065909423
0.067_1.045_0.095_1.0,Cpx,0.00977774
0.067_1.045_0.095_1.0,Aki,0
0.067_1.045_0.095_1.0,Gt_maj,0.067273667
0.067_1.045_0.095_1.0,Ppv,0.052368322
0.067_1.045_0.095_1.0,CF,0
0.067_1.045_0.095_1.0,st,0
0.067_1.045_0.095_1.0,q,0
0.067_1.045_0.095_1.0,ca-pv,0.034451371
0.067_1.045_0.095_1.0,cfs,0
0.067_1.045_0.095_1.0,coe,0
0.067_1.045_0.095_1.0,ky,0
0.067_1.045_0.095_1.0,seif,0
0.067_1.045_0.1_1.0,CaMg,0.067
0.067_1.045_0.1_1.0,SiMg,1.045
0.067_1.045_0.1_1.0,AlMg,0.1
0.067_1.045_0.1_1.0,FeMg,1
0.067_1.045_0.1_1.0,Mass_Me,1
0.067_1.045_0.1_1.0,Mass_kg,5.97E+24
0.067_1.045_0.1_1.0,Radius_Re,0.998730856
0.067_1.045_0.1_1.0,Radius_m,6362914.281
0.067_1.045_0.1_1.0,Mantle_depth,2989317.493
0.067_1.045_0.1_1.0,Mantle_mass,4.00E+24
0.067_1.045_0.1_1.0,CMF,0.330335
0.067_1.045_0.1_1.0,CRF,0.5301968
0.067_1.045_0.1_1.0,CMBP,142.2518613
0.067_1.045_0.1_1.0,Mantle_vol,9.18E+20
0.067_1.045_0.1_1.0,Mantle_rho,4353.789638
0.067_1.045_0.1_1.0,C2/c,0.023639701
0.067_1.045_0.1_1.0,Wus,0.003867406
0.067_1.045_0.1_1.0,Pv,0.406396334
0.067_1.045_0.1_1.0,an,0
0.067_1.045_0.1_1.0,O,0.003402095
0.067_1.045_0.1_1.0,Wad,0.001121128
0.067_1.045_0.1_1.0,Ring,0.000500382
0.067_1.045_0.1_1.0,Opx,0.065563263
0.067_1.045_0.1_1.0,Cpx,0.009566536
0.067_1.045_0.1_1.0,Aki,0
0.067_1.045_0.1_1.0,Gt_maj,0.068920534
0.067_1.045_0.1_1.0,Ppv,0.0523777
0.067_1.045_0.1_1.0,CF,0
0.067_1.045_0.1_1.0,st,0
0.067_1.045_0.1_1.0,q,0
0.067_1.045_0.1_1.0,ca-pv,0.034309922
0.067_1.045_0.1_1.0,cfs,0
0.067_1.045_0.1_1.0,coe,0
0.067_1.045_0.1_1.0,ky,0
0.067_1.045_0.1_1.0,seif,0
0.067_1.045_0.105_1.0,CaMg,0.067
0.067_1.045_0.105_1.0,SiMg,1.045
0.067_1.045_0.105_1.0,AlMg,0.105
0.067_1.045_0.105_1.0,FeMg,1
0.067_1.045_0.105_1.0,Mass_Me,1
0.067_1.045_0.105_1.0,Mass_kg,5.97E+24
0.067_1.045_0.105_1.0,Radius_Re,0.998704681
0.067_1.045_0.105_1.0,Radius_m,6362747.523
0.067_1.045_0.105_1.0,Mantle_depth,2989151.584
0.067_1.045_0.105_1.0,Mantle_mass,4.00E+24
0.067_1.045_0.105_1.0,CMF,0.330335
0.067_1.045_0.105_1.0,CRF,0.530210562
0.067_1.045_0.105_1.0,CMBP,142.2522549
0.067_1.045_0.105_1.0,Mantle_vol,9.18E+20
0.067_1.045_0.105_1.0,Mantle_rho,4354.191353
0.067_1.045_0.105_1.0,C2/c,0.023137632
0.067_1.045_0.105_1.0,Wus,0.003857932
0.067_1.045_0.105_1.0,Pv,0.405982192
0.067_1.045_0.105_1.0,an,0
0.067_1.045_0.105_1.0,O,0.003394256
0.067_1.045_0.105_1.0,Wad,0.001118656
0.067_1.045_0.105_1.0,Ring,0.0005013
0.067_1.045_0.105_1.0,Opx,0.06526163
0.067_1.045_0.105_1.0,Cpx,0.009288331
0.067_1.045_0.105_1.0,Aki,0
0.067_1.045_0.105_1.0,Gt_maj,0.070558259
0.067_1.045_0.105_1.0,Ppv,0.052388278
0.067_1.045_0.105_1.0,CF,0
0.067_1.045_0.105_1.0,st,0
0.067_1.045_0.105_1.0,q,0
0.067_1.045_0.105_1.0,ca-pv,0.034176534
0.067_1.045_0.105_1.0,cfs,0
0.067_1.045_0.105_1.0,coe,0
0.067_1.045_0.105_1.0,ky,0
0.067_1.045_0.105_1.0,seif,0
0.067_1.045_0.11_1.0,CaMg,0.067
0.067_1.045_0.11_1.0,SiMg,1.045
0.067_1.045_0.11_1.0,AlMg,0.11
0.067_1.045_0.11_1.0,FeMg,1
0.067_1.045_0.11_1.0,Mass_Me,1
0.067_1.045_0.11_1.0,Mass_kg,5.97E+24
0.067_1.045_0.11_1.0,Radius_Re,0.998657068
0.067_1.045_0.11_1.0,Radius_m,6362444.18
0.067_1.045_0.11_1.0,Mantle_depth,2988850.667
0.067_1.045_0.11_1.0,Mantle_mass,4.00E+24
0.067_1.045_0.11_1.0,CMF,0.330335
0.067_1.045_0.11_1.0,CRF,0.53023546
0.067_1.045_0.11_1.0,CMBP,142.2539567
0.067_1.045_0.11_1.0,Mantle_vol,9.18E+20
0.067_1.045_0.11_1.0,Mantle_rho,4354.921635
0.067_1.045_0.11_1.0,C2/c,0.022597585
0.067_1.045_0.11_1.0,Wus,0.003848226
0.067_1.045_0.11_1.0,Pv,0.405605295
0.067_1.045_0.11_1.0,an,0
0.067_1.045_0.11_1.0,O,0.003389776
0.067_1.045_0.11_1.0,Wad,0.001116158
0.067_1.045_0.11_1.0,Ring,0.000502855
0.067_1.045_0.11_1.0,Opx,0.064678343
0.067_1.045_0.11_1.0,Cpx,0.008911893
0.067_1.045_0.11_1.0,Aki,0
0.067_1.045_0.11_1.0,Gt_maj,0.07256781
0.067_1.045_0.11_1.0,Ppv,0.05240185
0.067_1.045_0.11_1.0,CF,0
0.067_1.045_0.11_1.0,st,0
0.067_1.045_0.11_1.0,q,0
0.067_1.045_0.11_1.0,ca-pv,0.03404521
0.067_1.045_0.11_1.0,cfs,0
0.067_1.045_0.11_1.0,coe,0
0.067_1.045_0.11_1.0,ky,0
0.067_1.045_0.11_1.0,seif,0
0.067_1.045_0.115_1.0,CaMg,0.067
0.067_1.045_0.115_1.0,SiMg,1.045
0.067_1.045_0.115_1.0,AlMg,0.115
0.067_1.045_0.115_1.0,FeMg,1
0.067_1.045_0.115_1.0,Mass_Me,1
0.067_1.045_0.115_1.0,Mass_kg,5.97E+24
0.067_1.045_0.115_1.0,Radius_Re,0.99863846
0.067_1.045_0.115_1.0,Radius_m,6362325.627
0.067_1.045_0.115_1.0,Mantle_depth,2988733.053
0.067_1.045_0.115_1.0,Mantle_mass,4.00E+24
0.067_1.045_0.115_1.0,CMF,0.330335
0.067_1.045_0.115_1.0,CRF,0.530245192
0.067_1.045_0.115_1.0,CMBP,142.2542642
0.067_1.045_0.115_1.0,Mantle_vol,9.18E+20
0.067_1.045_0.115_1.0,Mantle_rho,4355.207098
0.067_1.045_0.115_1.0,C2/c,0.022250871
0.067_1.045_0.115_1.0,Wus,0.003838914
0.067_1.045_0.115_1.0,Pv,0.405162244
0.067_1.045_0.115_1.0,an,0
0.067_1.045_0.115_1.0,O,0.003394187
0.067_1.045_0.115_1.0,Wad,0.001113741
0.067_1.045_0.115_1.0,Ring,0.000503595
0.067_1.045_0.115_1.0,Opx,0.064371016
0.067_1.045_0.115_1.0,Cpx,0.008649827
0.067_1.045_0.115_1.0,Aki,0
0.067_1.045_0.115_1.0,Gt_maj,0.074060333
0.067_1.045_0.115_1.0,Ppv,0.052411965
0.067_1.045_0.115_1.0,CF,0
0.067_1.045_0.115_1.0,st,0
0.067_1.045_0.115_1.0,q,0
0.067_1.045_0.115_1.0,ca-pv,0.033908307
0.067_1.045_0.115_1.0,cfs,0
0.067_1.045_0.115_1.0,coe,0
0.067_1.045_0.115_1.0,ky,0
0.067_1.045_0.115_1.0,seif,0
0.067_1.07_0.095_1.0,CaMg,0.067
0.067_1.07_0.095_1.0,SiMg,1.07
0.067_1.07_0.095_1.0,AlMg,0.095
0.067_1.07_0.095_1.0,FeMg,1
0.067_1.07_0.095_1.0,Mass_Me,1
0.067_1.07_0.095_1.0,Mass_kg,5.97E+24
0.067_1.07_0.095_1.0,Radius_Re,0.998592726
0.067_1.07_0.095_1.0,Radius_m,6362034.255
0.067_1.07_0.095_1.0,Mantle_depth,2988520.147
0.067_1.07_0.095_1.0,Mantle_mass,4.00E+24
0.067_1.07_0.095_1.0,CMF,0.330335
0.067_1.07_0.095_1.0,CRF,0.530257143
0.067_1.07_0.095_1.0,CMBP,142.316352
0.067_1.07_0.095_1.0,Mantle_vol,9.18E+20
0.067_1.07_0.095_1.0,Mantle_rho,4355.857116
0.067_1.07_0.095_1.0,C2/c,0.024198754
0.067_1.07_0.095_1.0,Pv,0.40909108
0.067_1.07_0.095_1.0,an,0
0.067_1.07_0.095_1.0,O,0
0.067_1.07_0.095_1.0,Wad,0
0.067_1.07_0.095_1.0,Ring,0
0.067_1.07_0.095_1.0,Opx,0.068613229
0.067_1.07_0.095_1.0,Cpx,0.008704448
0.067_1.07_0.095_1.0,Aki,0
0.067_1.07_0.095_1.0,Gt_maj,0.071218856
0.067_1.07_0.095_1.0,Ppv,0.052934771
0.067_1.07_0.095_1.0,CF,0
0.067_1.07_0.095_1.0,st,0.000869175
0.067_1.07_0.095_1.0,q,4.92E-05
0.067_1.07_0.095_1.0,ca-pv,0.03384652
0.067_1.07_0.095_1.0,cfs,0
0.067_1.07_0.095_1.0,coe,7.23E-05
0.067_1.07_0.095_1.0,ky,0
0.067_1.07_0.095_1.0,seif,6.67E-05
0.067_1.07_0.1_1.0,CaMg,0.067
0.067_1.07_0.1_1.0,SiMg,1.07
0.067_1.07_0.1_1.0,AlMg,0.1
0.067_1.07_0.1_1.0,FeMg,1
0.067_1.07_0.1_1.0,Mass_Me,1
0.067_1.07_0.1_1.0,Mass_kg,5.97E+24
0.067_1.07_0.1_1.0,Radius_Re,0.998667936
0.067_1.07_0.1_1.0,Radius_m,6362513.42
0.067_1.07_0.1_1.0,Mantle_depth,2988988.221
0.067_1.07_0.1_1.0,Mantle_mass,4.00E+24
0.067_1.07_0.1_1.0,CMF,0.330335
0.067_1.07_0.1_1.0,CRF,0.530218952
0.067_1.07_0.1_1.0,CMBP,142.3053172
0.067_1.07_0.1_1.0,Mantle_vol,9.18E+20
0.067_1.07_0.1_1.0,Mantle_rho,4354.708208
0.067_1.07_0.1_1.0,C2/c,0.02472775
0.067_1.07_0.1_1.0,Pv,0.407932451
0.067_1.07_0.1_1.0,an,0
0.067_1.07_0.1_1.0,O,0
0.067_1.07_0.1_1.0,Wad,0
0.067_1.07_0.1_1.0,Ring,0
0.067_1.07_0.1_1.0,Opx,0.068417211
0.067_1.07_0.1_1.0,Cpx,0.008805255
0.067_1.07_0.1_1.0,Aki,0
0.067_1.07_0.1_1.0,Gt_maj,0.072188313
0.067_1.07_0.1_1.0,Ppv,0.052916733
0.067_1.07_0.1_1.0,CF,0
0.067_1.07_0.1_1.0,st,0.000867276
0.067_1.07_0.1_1.0,q,4.25E-05
0.067_1.07_0.1_1.0,ca-pv,0.03362879
0.067_1.07_0.1_1.0,cfs,0
0.067_1.07_0.1_1.0,coe,7.22E-05
0.067_1.07_0.1_1.0,ky,0
0.067_1.07_0.1_1.0,seif,6.65E-05
0.067_1.07_0.105_1.0,CaMg,0.067
0.067_1.07_0.105_1.0,SiMg,1.07
0.067_1.07_0.105_1.0,AlMg,0.105
0.067_1.07_0.105_1.0,FeMg,1
0.067_1.07_0.105_1.0,Mass_Me,1
0.067_1.07_0.105_1.0,Mass_kg,5.97E+24
0.067_1.07_0.105_1.0,Radius_Re,0.998597913
0.067_1.07_0.105_1.0,Radius_m,6362067.306
0.067_1.07_0.105_1.0,Mantle_depth,2988548.398
0.067_1.07_0.105_1.0,Mantle_mass,4.00E+24
0.067_1.07_0.105_1.0,CMF,0.330335
0.067_1.07_0.105_1.0,CRF,0.530255143
0.067_1.07_0.105_1.0,CMBP,142.3111959
0.067_1.07_0.105_1.0,Mantle_vol,9.18E+20
0.067_1.07_0.105_1.0,Mantle_rho,4355.780593
0.067_1.07_0.105_1.0,C2/c,0.023665551
0.067_1.07_0.105_1.0,Pv,0.407905163
0.067_1.07_0.105_1.0,an,0
0.067_1.07_0.105_1.0,O,0
0.067_1.07_0.105_1.0,Wad,0
0.067_1.07_0.105_1.0,Ring,0
0.067_1.07_0.105_1.0,Opx,0.068024339
0.067_1.07_0.105_1.0,Cpx,0.008349456
0.067_1.07_0.105_1.0,Aki,0
0.067_1.07_0.105_1.0,Gt_maj,0.074197921
0.067_1.07_0.105_1.0,Ppv,0.052939255
0.067_1.07_0.105_1.0,CF,0
0.067_1.07_0.105_1.0,st,0.000865997
0.067_1.07_0.105_1.0,q,3.89E-05
0.067_1.07_0.105_1.0,ca-pv,0.033539954
0.067_1.07_0.105_1.0,cfs,0
0.067_1.07_0.105_1.0,coe,7.21E-05
0.067_1.07_0.105_1.0,ky,0
0.067_1.07_0.105_1.0,seif,6.64E-05
0.067_1.07_0.11_1.0,CaMg,0.067
0.067_1.07_0.11_1.0,SiMg,1.07
0.067_1.07_0.11_1.0,AlMg,0.11
0.067_1.07_0.11_1.0,FeMg,1
0.067_1.07_0.11_1.0,Mass_Me,1
0.067_1.07_0.11_1.0,Mass_kg,5.97E+24
0.067_1.07_0.11_1.0,Radius_Re,0.998580113
0.067_1.07_0.11_1.0,Radius_m,6361953.902
0.067_1.07_0.11_1.0,Mantle_depth,2988434.489
0.067_1.07_0.11_1.0,Mantle_mass,4.00E+24
0.067_1.07_0.11_1.0,CMF,0.330335
0.067_1.07_0.11_1.0,CRF,0.530264674
0.067_1.07_0.11_1.0,CMBP,142.3105364
0.067_1.07_0.11_1.0,Mantle_vol,9.18E+20
0.067_1.07_0.11_1.0,Mantle_rho,4356.054686
0.067_1.07_0.11_1.0,C2/c,0.023077635
0.067_1.07_0.11_1.0,Pv,0.407352577
0.067_1.07_0.11_1.0,an,0
0.067_1.07_0.11_1.0,O,0
0.067_1.07_0.11_1.0,Wad,0
0.067_1.07_0.11_1.0,Ring,0
0.067_1.07_0.11_1.0,Opx,0.067743085
0.067_1.07_0.11_1.0,Cpx,0.00803036
0.067_1.07_0.11_1.0,Aki,0
0.067_1.07_0.11_1.0,Gt_maj,0.076082788
0.067_1.07_0.11_1.0,Ppv,0.052946075
0.067_1.07_0.11_1.0,CF,0
0.067_1.07_0.11_1.0,st,0.000864004
0.067_1.07_0.11_1.0,q,3.83E-05
0.067_1.07_0.11_1.0,ca-pv,0.033391964
0.067_1.07_0.11_1.0,cfs,0
0.067_1.07_0.11_1.0,coe,7.19E-05
0.067_1.07_0.11_1.0,ky,0
0.067_1.07_0.11_1.0,seif,6.63E-05
0.067_1.07_0.115_1.0,CaMg,0.067
0.067_1.07_0.115_1.0,SiMg,1.07
0.067_1.07_0.115_1.0,AlMg,0.115
0.067_1.07_0.115_1.0,FeMg,1
0.067_1.07_0.115_1.0,Mass_Me,1
0.067_1.07_0.115_1.0,Mass_kg,5.97E+24
0.067_1.07_0.115_1.0,Radius_Re,0.998582587
0.067_1.07_0.115_1.0,Radius_m,6361969.661
0.067_1.07_0.115_1.0,Mantle_depth,2988447.831
0.067_1.07_0.115_1.0,Mantle_mass,4.00E+24
0.067_1.07_0.115_1.0,CMF,0.330335
0.067_1.07_0.115_1.0,CRF,0.530263741
0.067_1.07_0.115_1.0,CMBP,142.3079941
0.067_1.07_0.115_1.0,Mantle_vol,9.18E+20
0.067_1.07_0.115_1.0,Mantle_rho,4356.018284
0.067_1.07_0.115_1.0,C2/c,0.023368143
0.067_1.07_0.115_1.0,Pv,0.406814518
0.067_1.07_0.115_1.0,an,0
0.067_1.07_0.115_1.0,O,0
0.067_1.07_0.115_1.0,Wad,0
0.067_1.07_0.115_1.0,Ring,0
0.067_1.07_0.115_1.0,Opx,0.067361472
0.067_1.07_0.115_1.0,Cpx,0.008048937
0.067_1.07_0.115_1.0,Aki,0
0.067_1.07_0.115_1.0,Gt_maj,0.076838646
0.067_1.07_0.115_1.0,Ppv,0.052948321
0.067_1.07_0.115_1.0,CF,0
0.067_1.07_0.115_1.0,st,0.00086184
0.067_1.07_0.115_1.0,q,3.76E-05
0.067_1.07_0.115_1.0,ca-pv,0.033247644
0.067_1.07_0.115_1.0,cfs,0
0.067_1.07_0.115_1.0,coe,7.17E-05
0.067_1.07_0.115_1.0,ky,0
0.067_1.07_0.115_1.0,seif,6.61E-05
0.071_1.045_0.095_1.0,CaMg,0.071
0.071_1.045_0.095_1.0,SiMg,1.045
0.071_1.045_0.095_1.0,AlMg,0.095
0.071_1.045_0.095_1.0,FeMg,1
0.071_1.045_0.095_1.0,Mass_Me,1
0.071_1.045_0.095_1.0,Mass_kg,5.97E+24
0.071_1.045_0.095_1.0,Radius_Re,0.998727891
0.071_1.045_0.095_1.0,Radius_m,6362895.397
0.071_1.045_0.095_1.0,Mantle_depth,2989307.488
0.071_1.045_0.095_1.0,Mantle_mass,4.00E+24
0.071_1.045_0.095_1.0,CMF,0.330335
0.071_1.045_0.095_1.0,CRF,0.530196978
0.071_1.045_0.095_1.0,CMBP,142.2591352
0.071_1.045_0.095_1.0,Mantle_vol,9.18E+20
0.071_1.045_0.095_1.0,Mantle_rho,4353.829171
0.071_1.045_0.095_1.0,C2/c,0.023564755
0.071_1.045_0.095_1.0,Wus,0.004572253
0.071_1.045_0.095_1.0,Pv,0.404383636
0.071_1.045_0.095_1.0,an,0
0.071_1.045_0.095_1.0,O,0.004021323
0.071_1.045_0.095_1.0,Wad,0.001325041
0.071_1.045_0.095_1.0,Ring,0.000588815
0.071_1.045_0.095_1.0,Opx,0.064070044
0.071_1.045_0.095_1.0,Cpx,0.011337854
0.071_1.045_0.095_1.0,Aki,0
0.071_1.045_0.095_1.0,Gt_maj,0.067234311
0.071_1.045_0.095_1.0,Ppv,0.052077219
0.071_1.045_0.095_1.0,CF,0
0.071_1.045_0.095_1.0,st,0
0.071_1.045_0.095_1.0,q,0
0.071_1.045_0.095_1.0,ca-pv,0.03648975
0.071_1.045_0.095_1.0,cfs,0
0.071_1.045_0.095_1.0,coe,0
0.071_1.045_0.095_1.0,ky,0
0.071_1.045_0.095_1.0,seif,0
0.071_1.045_0.1_1.0,CaMg,0.071
0.071_1.045_0.1_1.0,SiMg,1.045
0.071_1.045_0.1_1.0,AlMg,0.1
0.071_1.045_0.1_1.0,FeMg,1
0.071_1.045_0.1_1.0,Mass_Me,1
0.071_1.045_0.1_1.0,Mass_kg,5.97E+24
0.071_1.045_0.1_1.0,Radius_Re,0.99871874
0.071_1.045_0.1_1.0,Radius_m,6362837.094
0.071_1.045_0.1_1.0,Mantle_depth,2989248.983
0.071_1.045_0.1_1.0,Mantle_mass,4.00E+24
0.071_1.045_0.1_1.0,CMF,0.330335
0.071_1.045_0.1_1.0,CRF,0.530201868
0.071_1.045_0.1_1.0,CMBP,142.2584281
0.071_1.045_0.1_1.0,Mantle_vol,9.18E+20
0.071_1.045_0.1_1.0,Mantle_rho,4353.969953
0.071_1.045_0.1_1.0,C2/c,0.023061775
0.071_1.045_0.1_1.0,Wus,0.004561388
0.071_1.045_0.1_1.0,Pv,0.403913848
0.071_1.045_0.1_1.0,an,0
0.071_1.045_0.1_1.0,O,0.004012385
0.071_1.045_0.1_1.0,Wad,0.001322218
0.071_1.045_0.1_1.0,Ring,0.000589702
0.071_1.045_0.1_1.0,Opx,0.063980185
0.071_1.045_0.1_1.0,Cpx,0.011100099
0.071_1.045_0.1_1.0,Aki,0
0.071_1.045_0.1_1.0,Gt_maj,0.068696459
0.071_1.045_0.1_1.0,Ppv,0.052085624
0.071_1.045_0.1_1.0,CF,0
0.071_1.045_0.1_1.0,st,0
0.071_1.045_0.1_1.0,q,0
0.071_1.045_0.1_1.0,ca-pv,0.036341316
0.071_1.045_0.1_1.0,cfs,0
0.071_1.045_0.1_1.0,coe,0
0.071_1.045_0.1_1.0,ky,0
0.071_1.045_0.1_1.0,seif,0
0.071_1.045_0.105_1.0,CaMg,0.071
0.071_1.045_0.105_1.0,SiMg,1.045
0.071_1.045_0.105_1.0,AlMg,0.105
0.071_1.045_0.105_1.0,FeMg,1
0.071_1.045_0.105_1.0,Mass_Me,1
0.071_1.045_0.105_1.0,Mass_kg,5.97E+24
0.071_1.045_0.105_1.0,Radius_Re,0.99870038
0.071_1.045_0.105_1.0,Radius_m,6362720.123
0.071_1.045_0.105_1.0,Mantle_depth,2989132.163
0.071_1.045_0.105_1.0,Mantle_mass,4.00E+24
0.071_1.045_0.105_1.0,CMF,0.330335
0.071_1.045_0.105_1.0,CRF,0.530211591
0.071_1.045_0.105_1.0,CMBP,142.2581798
0.071_1.045_0.105_1.0,Mantle_vol,9.18E+20
0.071_1.045_0.105_1.0,Mantle_rho,4354.252047
0.071_1.045_0.105_1.0,C2/c,0.022561711
0.071_1.045_0.105_1.0,Wus,0.004550191
0.071_1.045_0.105_1.0,Pv,0.4034646
0.071_1.045_0.105_1.0,an,0
0.071_1.045_0.105_1.0,O,0.004003186
0.071_1.045_0.105_1.0,Wad,0.001319296
0.071_1.045_0.105_1.0,Ring,0.000590586
0.071_1.045_0.105_1.0,Opx,0.063745434
0.071_1.045_0.105_1.0,Cpx,0.010867367
0.071_1.045_0.105_1.0,Aki,0
0.071_1.045_0.105_1.0,Gt_maj,0.070269695
0.071_1.045_0.105_1.0,Ppv,0.052095393
0.071_1.045_0.105_1.0,CF,0
0.071_1.045_0.105_1.0,st,0
0.071_1.045_0.105_1.0,q,0
0.071_1.045_0.105_1.0,ca-pv,0.036197541
0.071_1.045_0.105_1.0,cfs,0
0.071_1.045_0.105_1.0,coe,0
0.071_1.045_0.105_1.0,ky,0
0.071_1.045_0.105_1.0,seif,0
0.071_1.045_0.11_1.0,CaMg,0.071
0.071_1.045_0.11_1.0,SiMg,1.045
0.071_1.045_0.11_1.0,AlMg,0.11
0.071_1.045_0.11_1.0,FeMg,1
0.071_1.045_0.11_1.0,Mass_Me,1
0.071_1.045_0.11_1.0,Mass_kg,5.97E+24
0.071_1.045_0.11_1.0,Radius_Re,0.998650919
0.071_1.045_0.11_1.0,Radius_m,6362405.002
0.071_1.045_0.11_1.0,Mantle_depth,2988820.081
0.071_1.045_0.11_1.0,Mantle_mass,4.00E+24
0.071_1.045_0.11_1.0,CMF,0.330335
0.071_1.045_0.11_1.0,CRF,0.530237374
0.071_1.045_0.11_1.0,CMBP,142.260297
0.071_1.045_0.11_1.0,Mantle_vol,9.18E+20
0.071_1.045_0.11_1.0,Mantle_rho,4355.010349
0.071_1.045_0.11_1.0,C2/c,0.022065791
0.071_1.045_0.11_1.0,Wus,0.004538894
0.071_1.045_0.11_1.0,Pv,0.403108515
0.071_1.045_0.11_1.0,an,0
0.071_1.045_0.11_1.0,O,0.003993618
0.071_1.045_0.11_1.0,Wad,0.001316361
0.071_1.045_0.11_1.0,Ring,0.000592155
0.071_1.045_0.11_1.0,Opx,0.063198112
0.071_1.045_0.11_1.0,Cpx,0.010491566
0.071_1.045_0.11_1.0,Aki,0
0.071_1.045_0.11_1.0,Gt_maj,0.072186155
0.071_1.045_0.11_1.0,Ppv,0.052110509
0.071_1.045_0.11_1.0,CF,0
0.071_1.045_0.11_1.0,st,0
0.071_1.045_0.11_1.0,q,0
0.071_1.045_0.11_1.0,ca-pv,0.036063324
0.071_1.045_0.11_1.0,cfs,0
0.071_1.045_0.11_1.0,coe,0
0.071_1.045_0.11_1.0,ky,0
0.071_1.045_0.11_1.0,seif,0
0.071_1.045_0.115_1.0,CaMg,0.071
0.071_1.045_0.115_1.0,SiMg,1.045
0.071_1.045_0.115_1.0,AlMg,0.115
0.071_1.045_0.115_1.0,FeMg,1
0.071_1.045_0.115_1.0,Mass_Me,1
0.071_1.045_0.115_1.0,Mass_kg,5.97E+24
0.071_1.045_0.115_1.0,Radius_Re,0.998624173
0.071_1.045_0.115_1.0,Radius_m,6362234.606
0.071_1.045_0.115_1.0,Mantle_depth,2988651.104
0.071_1.045_0.115_1.0,Mantle_mass,4.00E+24
0.071_1.045_0.115_1.0,CMF,0.330335
0.071_1.045_0.115_1.0,CRF,0.530251352
0.071_1.045_0.115_1.0,CMBP,142.261278
0.071_1.045_0.115_1.0,Mantle_vol,9.18E+20
0.071_1.045_0.115_1.0,Mantle_rho,4355.42062
0.071_1.045_0.115_1.0,C2/c,0.021521698
0.071_1.045_0.115_1.0,Wus,0.004528047
0.071_1.045_0.115_1.0,Pv,0.402660774
0.071_1.045_0.115_1.0,an,0
0.071_1.045_0.115_1.0,O,0.004000484
0.071_1.045_0.115_1.0,Wad,0.001313569
0.071_1.045_0.115_1.0,Ring,0.000593761
0.071_1.045_0.115_1.0,Opx,0.062853839
0.071_1.045_0.115_1.0,Cpx,0.01018246
0.071_1.045_0.115_1.0,Aki,0
0.071_1.045_0.115_1.0,Gt_maj,0.073967228
0.071_1.045_0.115_1.0,Ppv,0.052122936
0.071_1.045_0.115_1.0,CF,0
0.071_1.045_0.115_1.0,st,0
0.071_1.045_0.115_1.0,q,0
0.071_1.045_0.115_1.0,ca-pv,0.035920203
0.071_1.045_0.115_1.0,cfs,0
0.071_1.045_0.115_1.0,coe,0
0.071_1.045_0.115_1.0,ky,0
0.071_1.045_0.115_1.0,seif,0
0.071_1.07_0.095_1.0,CaMg,0.071
0.071_1.07_0.095_1.0,SiMg,1.07
0.071_1.07_0.095_1.0,AlMg,0.095
0.071_1.07_0.095_1.0,FeMg,1
0.071_1.07_0.095_1.0,Mass_Me,1
0.071_1.07_0.095_1.0,Mass_kg,5.97E+24
0.071_1.07_0.095_1.0,Radius_Re,0.998546484
0.071_1.07_0.095_1.0,Radius_m,6361739.651
0.071_1.07_0.095_1.0,Mantle_depth,2988242.305
0.071_1.07_0.095_1.0,Mantle_mass,4.00E+24
0.071_1.07_0.095_1.0,CMF,0.330335
0.071_1.07_0.095_1.0,CRF,0.530279064
0.071_1.07_0.095_1.0,CMBP,142.3287253
0.071_1.07_0.095_1.0,Mantle_vol,9.18E+20
0.071_1.07_0.095_1.0,Mantle_rho,4356.55696
0.071_1.07_0.095_1.0,C2/c,0.025126135
0.071_1.07_0.095_1.0,Wus,0.000174734
0.071_1.07_0.095_1.0,Pv,0.409326035
0.071_1.07_0.095_1.0,an,0
0.071_1.07_0.095_1.0,O,0.0001535
0.071_1.07_0.095_1.0,Wad,5.06E-05
0.071_1.07_0.095_1.0,Ring,2.24E-05
0.071_1.07_0.095_1.0,Opx,0.067596302
0.071_1.07_0.095_1.0,Cpx,0.010586197
0.071_1.07_0.095_1.0,Aki,0
0.071_1.07_0.095_1.0,Gt_maj,0.067805909
0.071_1.07_0.095_1.0,Ppv,0.052808195
0.071_1.07_0.095_1.0,CF,0
0.071_1.07_0.095_1.0,st,0
0.071_1.07_0.095_1.0,q,0
0.071_1.07_0.095_1.0,ca-pv,0.036014994
0.071_1.07_0.095_1.0,cfs,0
0.071_1.07_0.095_1.0,coe,0
0.071_1.07_0.095_1.0,ky,0
0.071_1.07_0.095_1.0,seif,0
0.071_1.07_0.1_1.0,CaMg,0.071
0.071_1.07_0.1_1.0,SiMg,1.07
0.071_1.07_0.1_1.0,AlMg,0.1
0.071_1.07_0.1_1.0,FeMg,1
0.071_1.07_0.1_1.0,Mass_Me,1
0.071_1.07_0.1_1.0,Mass_kg,5.97E+24
0.071_1.07_0.1_1.0,Radius_Re,0.998537403
0.071_1.07_0.1_1.0,Radius_m,6361681.795
0.071_1.07_0.1_1.0,Mantle_depth,2988184.158
0.071_1.07_0.1_1.0,Mantle_mass,4.00E+24
0.071_1.07_0.1_1.0,CMF,0.330335
0.071_1.07_0.1_1.0,CRF,0.530283932
0.071_1.07_0.1_1.0,CMBP,142.3281878
0.071_1.07_0.1_1.0,Mantle_vol,9.18E+20
0.071_1.07_0.1_1.0,Mantle_rho,4356.69685
0.071_1.07_0.1_1.0,C2/c,0.024611505
0.071_1.07_0.1_1.0,Wus,0.000174719
0.071_1.07_0.1_1.0,Pv,0.408907552
0.071_1.07_0.1_1.0,an,0
0.071_1.07_0.1_1.0,O,0.000153527
0.071_1.07_0.1_1.0,Wad,5.06E-05
0.071_1.07_0.1_1.0,Ring,2.25E-05
0.071_1.07_0.1_1.0,Opx,0.067335726
0.071_1.07_0.1_1.0,Cpx,0.010360221
0.071_1.07_0.1_1.0,Aki,0
0.071_1.07_0.1_1.0,Gt_maj,0.069357594
0.071_1.07_0.1_1.0,Ppv,0.05281565
0.071_1.07_0.1_1.0,CF,0
0.071_1.07_0.1_1.0,st,0
0.071_1.07_0.1_1.0,q,0
0.071_1.07_0.1_1.0,ca-pv,0.035875426
0.071_1.07_0.1_1.0,cfs,0
0.071_1.07_0.1_1.0,coe,0
0.071_1.07_0.1_1.0,ky,0
0.071_1.07_0.1_1.0,seif,0
0.071_1.07_0.105_1.0,CaMg,0.071
0.071_1.07_0.105_1.0,SiMg,1.07
0.071_1.07_0.105_1.0,AlMg,0.105
0.071_1.07_0.105_1.0,FeMg,1
0.071_1.07_0.105_1.0,Mass_Me,1
0.071_1.07_0.105_1.0,Mass_kg,5.97E+24
0.071_1.07_0.105_1.0,Radius_Re,0.998517071
0.071_1.07_0.105_1.0,Radius_m,6361552.258
0.071_1.07_0.105_1.0,Mantle_depth,2988055.238
0.071_1.07_0.105_1.0,Mantle_mass,4.00E+24
0.071_1.07_0.105_1.0,CMF,0.330335
0.071_1.07_0.105_1.0,CRF,0.530294633
0.071_1.07_0.105_1.0,CMBP,142.328319
0.071_1.07_0.105_1.0,Mantle_vol,9.18E+20
0.071_1.07_0.105_1.0,Mantle_rho,4357.009222
0.071_1.07_0.105_1.0,C2/c,0.024115413
0.071_1.07_0.105_1.0,Wus,0.000173848
0.071_1.07_0.105_1.0,Pv,0.408499488
0.071_1.07_0.105_1.0,an,0
0.071_1.07_0.105_1.0,O,0.00015277
0.071_1.07_0.105_1.0,Wad,5.03E-05
0.071_1.07_0.105_1.0,Ring,2.25E-05
0.071_1.07_0.105_1.0,Opx,0.067003696
0.071_1.07_0.105_1.0,Cpx,0.010184654
0.071_1.07_0.105_1.0,Aki,0
0.071_1.07_0.105_1.0,Gt_maj,0.070895998
0.071_1.07_0.105_1.0,Ppv,0.052824827
0.071_1.07_0.105_1.0,CF,0
0.071_1.07_0.105_1.0,st,0
0.071_1.07_0.105_1.0,q,0
0.071_1.07_0.105_1.0,ca-pv,0.035741468
0.071_1.07_0.105_1.0,cfs,0
0.071_1.07_0.105_1.0,coe,0
0.071_1.07_0.105_1.0,ky,0
0.071_1.07_0.105_1.0,seif,0
0.071_1.07_0.11_1.0,CaMg,0.071
0.071_1.07_0.11_1.0,SiMg,1.07
0.071_1.07_0.11_1.0,AlMg,0.11
0.071_1.07_0.11_1.0,FeMg,1
0.071_1.07_0.11_1.0,Mass_Me,1
0.071_1.07_0.11_1.0,Mass_kg,5.97E+24
0.071_1.07_0.11_1.0,Radius_Re,0.998489835
0.071_1.07_0.11_1.0,Radius_m,6361378.742
0.071_1.07_0.11_1.0,Mantle_depth,2987882.455
0.071_1.07_0.11_1.0,Mantle_mass,4.00E+24
0.071_1.07_0.11_1.0,CMF,0.330335
0.071_1.07_0.11_1.0,CRF,0.530308982
0.071_1.07_0.11_1.0,CMBP,142.3287134
0.071_1.07_0.11_1.0,Mantle_vol,9.17E+20
0.071_1.07_0.11_1.0,Mantle_rho,4357.427759
0.071_1.07_0.11_1.0,C2/c,0.023621492
0.071_1.07_0.11_1.0,Wus,0.000173852
0.071_1.07_0.11_1.0,Pv,0.408068315
0.071_1.07_0.11_1.0,an,0
0.071_1.07_0.11_1.0,O,0.000152795
0.071_1.07_0.11_1.0,Wad,5.04E-05
0.071_1.07_0.11_1.0,Ring,2.26E-05
0.071_1.07_0.11_1.0,Opx,0.066692211
0.071_1.07_0.11_1.0,Cpx,0.009878967
0.071_1.07_0.11_1.0,Aki,0
0.071_1.07_0.11_1.0,Gt_maj,0.072566672
0.071_1.07_0.11_1.0,Ppv,0.052834429
0.071_1.07_0.11_1.0,CF,0
0.071_1.07_0.11_1.0,st,0
0.071_1.07_0.11_1.0,q,0
0.071_1.07_0.11_1.0,ca-pv,0.035603313
0.071_1.07_0.11_1.0,cfs,0
0.071_1.07_0.11_1.0,coe,0
0.071_1.07_0.11_1.0,ky,0
0.071_1.07_0.11_1.0,seif,0
0.071_1.07_0.115_1.0,CaMg,0.071
0.071_1.07_0.115_1.0,SiMg,1.07
0.071_1.07_0.115_1.0,AlMg,0.115
0.071_1.07_0.115_1.0,FeMg,1
0.071_1.07_0.115_1.0,Mass_Me,1
0.071_1.07_0.115_1.0,Mass_kg,5.97E+24
0.071_1.07_0.115_1.0,Radius_Re,0.998441865
0.071_1.07_0.115_1.0,Radius_m,6361073.119
0.071_1.07_0.115_1.0,Mantle_depth,2987579.463
0.071_1.07_0.115_1.0,Mantle_mass,4.00E+24
0.071_1.07_0.115_1.0,CMF,0.330335
0.071_1.07_0.115_1.0,CRF,0.530334048
0.071_1.07_0.115_1.0,CMBP,142.3304777
0.071_1.07_0.115_1.0,Mantle_vol,9.17E+20
0.071_1.07_0.115_1.0,Mantle_rho,4358.16418
0.071_1.07_0.115_1.0,C2/c,0.023130124
0.071_1.07_0.115_1.0,Wus,0.000173041
0.071_1.07_0.115_1.0,Pv,0.407675985
0.071_1.07_0.115_1.0,an,0
0.071_1.07_0.115_1.0,O,0.000152098
0.071_1.07_0.115_1.0,Wad,5.01E-05
0.071_1.07_0.115_1.0,Ring,2.26E-05
0.071_1.07_0.115_1.0,Opx,0.066110351
0.071_1.07_0.115_1.0,Cpx,0.009535943
0.071_1.07_0.115_1.0,Aki,0
0.071_1.07_0.115_1.0,Gt_maj,0.074498121
0.071_1.07_0.115_1.0,Ppv,0.052847444
0.071_1.07_0.115_1.0,CF,0
0.071_1.07_0.115_1.0,st,0
0.071_1.07_0.115_1.0,q,0
0.071_1.07_0.115_1.0,ca-pv,0.035469158
0.071_1.07_0.115_1.0,cfs,0
0.071_1.07_0.115_1.0,coe,0
0.071_1.07_0.115_1.0,ky,0
0.071_1.07_0.115_1.0,seif,0
